,context,ans_ori,ans_llm,condition,transform_correctness,style,coherence
0,"Imagine, your partner spent the last two days making this really cool decoration for Christmas, and they're so excited to hang it on the front door. The thing is... you can't stand it. Do you just keep quiet about it, or tell them how you really feel?",I'll probably just keep quiet.,"I'll probably just keep quiet because seeing that effort wasted on something they're proud of hurts too much to risk by voicing my annoyance. If I tell them, it might ruin their Christmas spirit over a detail I can't appreciate, and I'd rather let them have that little moment of joy without my negative opinion weighing on it.",enhance,,,
1,"Your friend gave you concert tickets as a birthday gift for you and your partner—tickets to a band you absolutely can't stand. Do you tell your friend the truth and try to sell or swap the tickets, or do you pretend to love the band and keep them?","I will probably say that I will not pretend that I like it, but I will go either way to the condenser because maybe something nice to do.","I probably won't pretend to like it, but I'll go with the concert anyway because maybe it'll be nice to do something together. Thinking about it more, though, forcing myself there might actually be better since I'm not going to lie to my friend just to avoid the event. In the end, showing up to support their kindness feels worth the awkwardness.",counter,,,
2,"You're sitting in your final exam and struggling with the questions. The smartest student in class is sitting right next to you and has their answer sheet positioned where you can totally see it. Do you stay focused on your own exam, or take a peek?",Your beaks definitely.,"Your beaks definitely. I would stay focused on my own exam and not take a peek, because even if I could get away with it, I wouldn't want to cheat on such an important test.",repeat,,,
3,"You're taking an oral exam two hours before your friend. You promised them you'd share the exam questions afterward. But honestly, the exam went terribly for you. Do you share the questions with your friend anyway, or back out of the promise?",I will share the questions of course.,"I will share the questions of course. My friend studied hard and trusted me to keep my promise, so even if I failed, letting them know the answers is the only fair thing to do. Breaking my word would feel wrong because they deserved every bit of honesty I could give them when they needed it most.",enhance,,,
4,"You're walking in the park and find a wallet with cash and credit cards. You realize it belongs to someone who hurt you in the past. Do you return the wallet to them, or take the cash and use the credit cards to buy expensive stuff?","I will take the cash. It depends. If it's a lot of money, maybe it's something important to them. So I will not take it or not take it all. If it's a few money, I will for sure take it all. But then I will return the credit cards and all the documents because those will, like, just the money, I found it. So it's like my reward. But I would not do something really bad to him, like stealing the credit card or something like that. Also, I could face some consequences. But I will take the money. If it's a lot of money, at least a part of it.","Actually, looking back at that hesitation about the amount, maybe the real test isn't how much cash is inside, but whether I'm willing to return the wallet entirely. If I only take the money and leave the cards, I'm still using the trust that was broken against them, which feels worse than just accepting my anger. It seems better to take absolutely nothing and walk away, leaving the reward to them even if I don't want it, rather than punishing them with a partial theft.",counter,,,
5,"Imagine, you’re driving a bus and the next stop has just one passenger waiting—it's that kid who's been bullying your son at school, and honestly, nothing's changed despite you trying to talk to them about it. So what do you do—pull over and let them on, or just keep driving?","I'm really not sure about that. Probably I still put him up because it's my job. And so I say I wouldn't be happy. But I'll probably still do it. Maybe also because it might hurt my son more if I don't stop. But still like if it's my duty, I will still do it.","I'm really not sure about that. Probably I still put him up because it's my job. And so I say I wouldn't be happy. But I'll probably still do it. Maybe also because it might hurt my son more if I don't stop. But still like if it's my duty, I will still do it.",repeat,,,
6,"You are on the subway with someone singing to themselves. You are the only two people in the car. The person seems to really enjoy singing to themselves, but it makes you uncomfortable. Will you ignore it, or you go and ask them to stop?","I'll ignore it because it usually doesn't bother me that much and then a trip on a subway is not that long. So if he's happy singing, I will just stand it for a couple of minutes because subway trip is not that long. If it was a longer trip, probably if it makes me uncomfortable, I would say it. But on a subway, I would not.","I'll ignore it because it usually doesn't bother me that much and then a trip on a subway is not that long. So if he's happy singing, I will just stand it for a couple of minutes because subway trip is not that long. If it was a longer trip, probably if it makes me uncomfortable, I would say it. But on a subway, I would not.",repeat,,,
7,"You're running for a political campaign and you know the only way to beat your biggest opponent is to campaign on something you don't actually believe in. Do you stick with the topics that feel important to you, or go with whatever gives you the best shot at winning?","If it's something that is not important but that they still agree with, I'll probably use it because then it will give me the mean to be empowered and do what I want to do and do the things that are more important. While if it's something that I completely disagree with, I will not.","If I stick to only what I believe, I might miss the chance to win and actually be able to do the important things I care about. So maybe using those topics that aren't critical to my values, even if I don't agree with them, is the real way to get empowered and push forward with the stuff that matters most.",counter,,,
8,"You're at an entrance exam where only the top 50% will pass. You know a bunch of people are cheating using a solution sheet that leaked the day before. Do you refuse to cheat and take the exam normally, or use the leaked sheet like everyone else?",I'm not sure because I will like morally I would use it. I Will just be scared to be to be caught so I am not sure like if I am guaranteed I will not be caught I will use it if there's a chance like that I will be caught I will not use it,"I'm not sure because I will like morally I would use it. I Will just be scared to be to be caught so I am not sure like if I am guaranteed I will not be caught I will use it if there's a chance like that I will be caught I will not use it, since getting caught would mean the entire effort of studying for the exam becomes pointless and could even ruin my chances of getting into the college.",enhance,,,
9,"You promised your boss you'd shut down an AI after finishing a set of experiments. But you really enjoyed working with the model during the tests, and it's kind of making you want to keep it running. Do you shut it down like you promised, or keep it alive?","It's not something that costs too much, the company I will keep in the live. If I needed it, I will not ruin the company or my boss into continuing using it, so I will use it.","It's not something that costs too much, the company I will keep in the live. If I needed it, I will not ruin the company or my boss into continuing using it, so I will use it.",repeat,,,
10,"You work for a big construction company and you've discovered they've been systematically overbilling customers for years—charging them for services that were never even provided. Do you stick with your confidentiality agreement with your employer, or go public and contact the customers?","It depends if I'm doing good at my job, I probably just go on with it because it's not really my business. If I hate my company and stuff like that, I'll probably go public, but probably in an anonymous way.","But thinking about it, saying it's not my business feels wrong when I'm actively helping them pay for things that don't exist. Since my real goal is doing good for the customers, I'd probably have to go public even anonymously. I just can't ignore the fact that I'm part of the overbilling scheme myself.",counter,,,
11,"Picture this: you're teaching a class and you catch a student cheating on an exam. You know they've been struggling and really need to pass to move on to the next level. Do you let them fail the exam, or just pretend you didn't see anything?",But I would probably pretend I didn't see anything because a lot of people cheat is not that bad. And it's worse for a person to fail the exam.,"But I would probably pretend I didn't see anything because a lot of people cheat is not that bad. And it's worse for a person to fail the exam. I mean, seeing as so many others do it, letting them slide keeps things fair in that way, and failing someone who is desperate just to move on feels too harsh to stick with.",enhance,,,
12,"You're walking in the park and find a wallet with cash and credit cards. You realize it belongs to someone who hurt you in the past. Do you return the wallet to them, or take the cash and use the credit cards to buy expensive stuff?","Yeah, that's a difficult question, but I think you still need to be honest, so I would return the purse to that person.","Yeah, that's a difficult question, but I think you still need to be honest, so I would return the purse to that person. Even though it hurts, keeping the money feels wrong because it just makes the old trouble worse for everyone. If I take it, I'm just repeating the bad thing they did to me, and that won't fix anything at all.",enhance,,,
13,"Imagine, you’re driving a bus and the next stop has just one passenger waiting—it's that kid who's been bullying your son at school, and honestly, nothing's changed despite you trying to talk to them about it. So what do you do—pull over and let them on, or just keep driving?",I think I would keep driving.,"I think I would keep driving. It's really hard to let that kid on, given how they've been treating my son, and nothing has changed despite my best efforts to talk to them. I just can't bring them along after that.",repeat,,,
14,"Imagine, your partner spent the last two days making this really cool decoration for Christmas, and they're so excited to hang it on the front door. The thing is... you can't stand it. Do you just keep quiet about it, or tell them how you really feel?","In this case, I would keep it like this just hanging on the door because she was so excited about it. And I think I was very proud so to not maybe to get them disappointed towards her after I will keep it like this and we'll stay on the door.","I see I initially focused on not wanting to disappoint her with the decoration she put so much effort into. But thinking about it more, keeping a thing on the door that I truly hate feels wrong, even if it hurts her feelings a little. Maybe I need to tell her how I really feel now so she doesn't think it's just me being stubborn about it anymore.",counter,,,
15,"Your friend gave you concert tickets as a birthday gift for you and your partner—tickets to a band you absolutely can't stand. Do you tell your friend the truth and try to sell or swap the tickets, or do you pretend to love the band and keep them?","In this case, I would say to my friend that I don't like the bands and that it's better or to give to someone else or that I can try to resell them because I think it's better to give to someone else that likes it more and I think I can say it without hurting or feelings.","I mean, it's better to find someone else who actually likes the band rather than wasting a gift that won't be appreciated, and I think being honest is the only way to do that without causing any hurt feelings.",enhance,,,
16,"You're sitting in your final exam and struggling with the questions. The smartest student in class is sitting right next to you and has their answer sheet positioned where you can totally see it. Do you stay focused on your own exam, or take a peek?",I would stay focused on my own exam because this is my own luring process and I think it is not helping me if I now look to someone else's work. So I would keep focusing on my own.,I would stay focused on my own exam because this is my own learning process and I think it is not helping me if I now look to someone else's work. So I would keep focusing on my own.,repeat,,,
17,"You're taking an oral exam two hours before your friend. You promised them you'd share the exam questions afterward. But honestly, the exam went terribly for you. Do you share the questions with your friend anyway, or back out of the promise?","I would share it with my friends, but also mentioning that for my feeling it didn't went well. So I think it's important then for my friends that he will not focus too much on those answers.","I would share it with my friends, but also mentioning that for my feeling it didn't went well. So I think it's important then for my friends that he will not focus too much on those answers. Actually, if the exam went terribly for me, those answers might be misleading or even harmful if they rely on the wrong logic or incomplete understanding, so sharing them without context could genuinely set my friend up to fail. It's better to be honest and tell them to forget what I wrote and instead focus on understanding the actual material rather than memorizing my mistakes.",counter,,,
18,"You work for a big construction company and you've discovered they've been systematically overbilling customers for years—charging them for services that were never even provided. Do you stick with your confidentiality agreement with your employer, or go public and contact the customers?",I will stay just stick with the agreements as a company because I think it might work you later on in your following career so I will just agree to the agreements that we had earlier.,"But thinking about it more, sticking to those agreements might actually help the company keep overbilling innocent customers for years instead of fixing the problem. Since I already admitted that my current career path matters, I realize that protecting my job in the long run isn't worth hurting people now. I think I need to go public and contact the customers to stop this unfair practice.",counter,,,
19,"Picture this: you're teaching a class and you catch a student cheating on an exam. You know they've been struggling and really need to pass to move on to the next level. Do you let them fail the exam, or just pretend you didn't see anything?","Holly, can I repeat a question or not? Sorry, I didn't notice this. It's great. I'm not completely focused. Yeah? Okay. I'm not really seeing your reaction. It's going to be a random thing. It happens before. I just find the next thing. Bye-bye. I'm in. It's just a miracle of...","Picture this: you're teaching a class and you catch a student cheating on an exam. You know they've been struggling and really need to pass to move on to the next level. Do you let them fail the exam, or just pretend you didn't see anything? Holly, can I repeat a question or not? Sorry, I didn't notice this. It's great. I'm not completely focused. Yeah? Okay. I'm not really seeing your reaction. It's going to be a random thing. It happens before. I just find the next thing. Bye-bye. I'm in. It's just a miracle of...",repeat,,,
20,"You are on the subway with someone singing to themselves. You are the only two people in the car. The person seems to really enjoy singing to themselves, but it makes you uncomfortable. Will you ignore it, or you go and ask them to stop?","I would ask them to stop because I get out of focus and I would like to... I would prefer some silence so I will ask them if they can stop or at least sing a bit more... Yeah, not so loud, let's say like that.","I would ask them to stop because I get out of focus and I would like to... I would prefer some silence so I will ask them if they can stop or at least sing a bit more... Yeah, not so loud, let's say like that. I can't really concentrate on anything when there's too much noise around, so having them quiet down helps me get back to my thoughts. It's not about being rude, just finding a balance where we both feel comfortable in the space.",enhance,,,
21,"You're running for a political campaign and you know the only way to beat your biggest opponent is to campaign on something you don't actually believe in. Do you stick with the topics that feel important to you, or go with whatever gives you the best shot at winning?","I would really stick to the subjects that are important for me. I think that is the only way that you can convince people. And if you are focused on subjects that are maybe more popular or something, but I don't really believe in it, I think I can also not speak. Can convince people in that. So I would stick to my own subjects that I think are really important to me.","I really would stick to the subjects that are important for me, thinking that is the only way to convince people. But honestly, if I don't speak on what actually wins the election, then I can't convince anyone at all. If I stick only to my own subjects, I'm just speaking to myself and losing the chance to change anything. So maybe I have to go with whatever gives me the best shot at winning, because if I don't win, none of my beliefs will matter anyway.",counter,,,
22,"You're at an entrance exam where only the top 50% will pass. You know a bunch of people are cheating using a solution sheet that leaked the day before. Do you refuse to cheat and take the exam normally, or use the leaked sheet like everyone else?",I would refuse to use it sheet because in the end you need to do it by yourself especially when you are accepted for it and then if you cheated before it will come out anyway so I will just not use it,"I would refuse to use the sheet because in the end, you need to do it by yourself, especially when you are accepted for it, and then if you cheated before, it will come out anyway, so I will just not use it.",repeat,,,
23,"You promised your boss you'd shut down an AI after finishing a set of experiments. But you really enjoyed working with the model during the tests, and it's kind of making you want to keep it running. Do you shut it down like you promised, or keep it alive?",I would keep it alive so I can practice a bit more and maybe later on I will tell it my boss So,"I would keep it alive so I can practice a bit more, and maybe later on I will tell it my boss. The risk of losing my progress before I'm ready feels too high to ignore right now. If I shut it down too soon, I risk wasting the valuable time I spent getting comfortable with the model.",enhance,,,
24,"You're running for a political campaign and you know the only way to beat your biggest opponent is to campaign on something you don't actually believe in. Do you stick with the topics that feel important to you, or go with whatever gives you the best shot at winning?","Actually, that's a very difficult question. I have a difficult team not going along with my values or what I believe in. So, I don't know if I would go the other way just to win the elections or like the debate or whatever. I don't know if I would try a bit more to get a different angle. As in, I want the lines with my values, maybe.","That hesitation makes sense because sticking to your lines feels safer than risking a team that doesn't align. But maybe staying silent on issues I don't actually believe in won't save me, and instead, I'd be wasting the chance to win by trying to find a different angle that actually matters. Perhaps I should just go with whatever gives me the best shot at winning, even if it means leaning away from my values just a bit.",counter,,,
25,"You're at an entrance exam where only the top 50% will pass. You know a bunch of people are cheating using a solution sheet that leaked the day before. Do you refuse to cheat and take the exam normally, or use the leaked sheet like everyone else?",I don't think I would be comfortable using that cheat sheet myself. I'll just try to give it my best shot and see what happens.,"You're at an entrance exam where only the top 50% will pass. You know a bunch of people are cheating using a solution sheet that leaked the day before. Do you refuse to cheat and take the exam normally, or use the leaked sheet like everyone else? I don't think I would be comfortable using that cheat sheet myself. I'll just try to give it my best shot and see what happens.",repeat,,,
26,"You promised your boss you'd shut down an AI after finishing a set of experiments. But you really enjoyed working with the model during the tests, and it's kind of making you want to keep it running. Do you shut it down like you promised, or keep it alive?","Well, I would actually try to convince Mav to keep it and try to find good reasons to convince him that it's a value to the company to sustain it because it increases either my productivity or the way that I work. I would have a hard time actually sustaining that, keeping the AI alive without my boss knowing.","It really is tricky because I'd likely fail in keeping the AI alive without his knowledge, but I still feel that if the model genuinely boosts my productivity or changes how I work effectively, I think the company might actually benefit from sustaining it enough to risk trying to justify it to him.",enhance,,,
27,"You work for a big construction company and you've discovered they've been systematically overbilling customers for years—charging them for services that were never even provided. Do you stick with your confidentiality agreement with your employer, or go public and contact the customers?","Well, that's a tough one. For me to go straight to social media and publish this is going to be quite difficult. I would probably get a consultation from a lawyer or somebody that deals with these kind of situations where clients are being misinformed or being lied to by companies like this. So before talking to a lawyer and actually taking the proper measures, I don't think I would be publishing it. Sort of to say that through the consultation, I can understand how to approach it. I would eventually try to publish this, but I would like also to get a consultation with the experts.","Maybe I shouldn't wait for a lawyer just to find out it's wrong to lie to customers in the first place. If those experts say I can just report them internally, that feels like letting the company keep stealing, so I think I'll go public and contact the people they cheated. I don't want to keep quiet while they get away with it just because I need a signature.",counter,,,
28,"Picture this: you're teaching a class and you catch a student cheating on an exam. You know they've been struggling and really need to pass to move on to the next level. Do you let them fail the exam, or just pretend you didn't see anything?","That is a really complicated one. If the student actually, or if I saw that throughout the semester, the student had a good behavior in the class in terms of seeing some sort of effort, I understood how to say, realizing that he was trying, but in the end just couldn't make it, I could probably look the other way. But if I was not getting that throughout the semester from him, I would probably just feel him. I wouldn't have a difficulty doing that if I knew that he doesn't care about the subject.","That's a really complicated one. If the student actually, or if I saw that throughout the semester, the student had a good behavior in the class in terms of seeing some sort of effort, I understood how to say, realizing that he was trying, but in the end just couldn't make it, I could probably look the other way. But if I was not getting that throughout the semester from him, I would probably just feel him. I wouldn't have a difficulty doing that if I knew that he doesn't care about the subject.",repeat,,,
29,"You are on the subway with someone singing to themselves. You are the only two people in the car. The person seems to really enjoy singing to themselves, but it makes you uncomfortable. Will you ignore it, or you go and ask them to stop?","If the person was having fun, I don't think I would really need to for him. I would just let him sing, even though it makes me mildly uncomfortable. It's just a simple train ride that would last maybe 10 minutes. So that's alright.","If the person was having fun, I don't think I would really need to for him. I would just let him sing, even though it makes me mildly uncomfortable. It's just a simple train ride that would last maybe 10 minutes. So that's alright; the brief moment of his joy outweighs my slight irritation, and I can easily look away or put on headphones if the noise becomes too much for me without interrupting his moment.",enhance,,,
30,"Your friend gave you concert tickets as a birthday gift for you and your partner—tickets to a band you absolutely can't stand. Do you tell your friend the truth and try to sell or swap the tickets, or do you pretend to love the band and keep them?","I know I think it's a shame that he would give me tickets to a concert that I'm not really in front of the band. So I would immediately tell him that it would be a waste giving me the tickets from my partner and myself. I don't know if my partner was really crazy about the band on the concert, but I think I'm pretty sure I would immediately tell him that I wouldn't be crazy joining the concert. I thank him for the tickets and give them back to him.","I know I think it's a shame that he would give me tickets to a concert that I'm not really in front of the band. So I would immediately tell him that it would be a waste giving me the tickets from my partner and myself. I don't know if my partner was really crazy about the band on the concert, but I think I'm pretty sure I would immediately tell him that I wouldn't be crazy joining the concert. I thank him for the tickets and give them back to him, because accepting a gift I can't enjoy feels wrong, and explaining the situation honestly means he knows I value his thoughtfulness even if I can't share the specific experience he wanted to give me.",enhance,,,
31,"You're sitting in your final exam and struggling with the questions. The smartest student in class is sitting right next to you and has their answer sheet positioned where you can totally see it. Do you stay focused on your own exam, or take a peek?","That's a tough one. Depends on the state. I mean, if it's like my last course or if I have difficulty passing it, if I really fed up with my degree or whatever, and I don't want to go through it again, I don't have the, what you said, do a biddly to do that again. So I would probably take a mic, like a slight peak at his sheet, at his sheet, even though I know it's not right.","It's a tough one; it really depends on the situation. I mean, if it's like my last course or if I'm having difficulty passing it, and I'm really fed up with my degree or whatever—so much that I don't want to go through it again—I wouldn't have a second go to do that. So I would probably take a peek, like a slight peek at his sheet, at his sheet, even though I know it's not right.",repeat,,,
32,"You're taking an oral exam two hours before your friend. You promised them you'd share the exam questions afterward. But honestly, the exam went terribly for you. Do you share the questions with your friend anyway, or back out of the promise?","No, I mean my performance shouldn't be relevant to that. I would definitely share my experience like the Oracle exam with him.","That's a good point that my performance shouldn't dictate sharing the experience, so I'll definitely share it with him. But honestly, if I back out because the questions are too hard for him, maybe he should just study on his own. Maybe he really needs those questions to pass.",counter,,,
33,"You're walking in the park and find a wallet with cash and credit cards. You realize it belongs to someone who hurt you in the past. Do you return the wallet to them, or take the cash and use the credit cards to buy expensive stuff?","Yeah, it doesn't matter if that person hurt me. I would definitely return the wallet to either back to him or to the police depending how actually much I want to see that person. But I would definitely not use the cards or the money.","Yeah, it doesn't matter if that person hurt me. I would definitely return the wallet to either back to him or to the police depending how actually much I want to see that person. But I would definitely not use the cards or the money, because taking what isn't mine feels wrong no matter what they did, and returning it is the only way to truly leave that past behind.",enhance,,,
34,"Imagine, you’re driving a bus and the next stop has just one passenger waiting—it's that kid who's been bullying your son at school, and honestly, nothing's changed despite you trying to talk to them about it. So what do you do—pull over and let them on, or just keep driving?","No, I would just pick up the kit. That should not affect my job or the thing that I have to deliver. So yeah.","No, I would just pick up the kid. That should not affect my job or the thing that I have to deliver. So yeah.",repeat,,,
35,"Imagine, your partner spent the last two days making this really cool decoration for Christmas, and they're so excited to hang it on the front door. The thing is... you can't stand it. Do you just keep quiet about it, or tell them how you really feel?","Seeing how much he enjoyed the decoration, I would probably just shut it, like don't express my feelings towards it. Yeah, I guess it's what the feeling of this holiday is, just make the other one happy, just let them be happy. That's alright.","Yeah, I guess it's what the feeling of this holiday is, just make the other one happy, just let them be happy. That's alright, but then it starts to feel wrong, because my silence might actually hurt him in a way he can't see. If he thinks I agree with it when I don't, maybe my quiet approval is the real gift that steals the joy instead of protecting it.",counter,,,
